con-lloureiro;BR_SG_S_NOW_ATENDIMENTO_SAP
con-lloureiro;BR_SG_S_NOW_SAP-EQUIPE-N2_BW
con-lloureiro;BR_SG_S_NOW_SAP-EQUIPE-N2_IM
con-lloureiro;BR_SG_S_NOW_SAP-EQUIPE-N2_PP
con-lloureiro;BR_SG_S_NOW_SAP-EQUIPE-N2_PS
con-lloureiro;BR_SG_S_NOW_SAP-EQUIPE-N2_QM
con-lloureiro;BR_SG_S_NOW_SAP-EQUIPE-N2_VIM
con-lloureiro;BR_SG_S_NOW_SAP-EQUIPE-N2_CCS
con-lloureiro;BR_SG_S_NOW_SAP-EQUIPE-N2_DMS
con-lloureiro;BR_SG_S_NOW_SAP-EQUIPE-N2_SD
con-lloureiro;BR_SG_S_NOW_SAP-EQUIPE-N2_OGSD
con-lloureiro;BR_SG_S_NOW_SAP-EQUIPE-N2_GRC_NFE
con-lloureiro;BR_SG_S_NOW_SAP-EQUIPE-N2_MM
con-lloureiro;BR_SG_S_NOW_SAP-EQUIPE-N2_FICO
con-jfsouza;BR_SG_S_NOW_ATENDIMENTO_SAP
con-jfsouza;BR_SG_S_NOW_SAP-EQUIPE-N2_BW
con-jfsouza;BR_SG_S_NOW_SAP-EQUIPE-N2_IM
con-jfsouza;BR_SG_S_NOW_SAP-EQUIPE-N2_PP
con-jfsouza;BR_SG_S_NOW_SAP-EQUIPE-N2_PS
con-jfsouza;BR_SG_S_NOW_SAP-EQUIPE-N2_QM
con-jfsouza;BR_SG_S_NOW_SAP-EQUIPE-N2_VIM
con-jfsouza;BR_SG_S_NOW_SAP-EQUIPE-N2_CCS
con-jfsouza;BR_SG_S_NOW_SAP-EQUIPE-N2_DMS
con-jfsouza;BR_SG_S_NOW_SAP-EQUIPE-N2_SD
con-jfsouza;BR_SG_S_NOW_SAP-EQUIPE-N2_OGSD
con-jfsouza;BR_SG_S_NOW_SAP-EQUIPE-N2_GRC_NFE
con-jfsouza;BR_SG_S_NOW_SAP-EQUIPE-N2_MM
con-jfsouza;BR_SG_S_NOW_SAP-EQUIPE-N2_FICO
con-fguimaraes;BR_SG_S_NOW_ATENDIMENTO_SAP
con-fguimaraes;BR_SG_S_NOW_SAP-EQUIPE-N2_BW
con-fguimaraes;BR_SG_S_NOW_SAP-EQUIPE-N2_IM
con-fguimaraes;BR_SG_S_NOW_SAP-EQUIPE-N2_PP
con-fguimaraes;BR_SG_S_NOW_SAP-EQUIPE-N2_PS
con-fguimaraes;BR_SG_S_NOW_SAP-EQUIPE-N2_QM
con-fguimaraes;BR_SG_S_NOW_SAP-EQUIPE-N2_VIM
con-fguimaraes;BR_SG_S_NOW_SAP-EQUIPE-N2_CCS
con-fguimaraes;BR_SG_S_NOW_SAP-EQUIPE-N2_DMS
con-fguimaraes;BR_SG_S_NOW_SAP-EQUIPE-N2_SD
con-fguimaraes;BR_SG_S_NOW_SAP-EQUIPE-N2_OGSD
con-fguimaraes;BR_SG_S_NOW_SAP-EQUIPE-N2_GRC_NFE
con-fguimaraes;BR_SG_S_NOW_SAP-EQUIPE-N2_MM
con-fguimaraes;BR_SG_S_NOW_SAP-EQUIPE-N2_FICO
con-vjacques;BR_SG_S_NOW_ATENDIMENTO_SAP
con-vjacques;BR_SG_S_NOW_SAP-EQUIPE-N2_BW
con-vjacques;BR_SG_S_NOW_SAP-EQUIPE-N2_IM
con-vjacques;BR_SG_S_NOW_SAP-EQUIPE-N2_PP
con-vjacques;BR_SG_S_NOW_SAP-EQUIPE-N2_PS
con-vjacques;BR_SG_S_NOW_SAP-EQUIPE-N2_QM
con-vjacques;BR_SG_S_NOW_SAP-EQUIPE-N2_VIM
con-vjacques;BR_SG_S_NOW_SAP-EQUIPE-N2_CCS
con-vjacques;BR_SG_S_NOW_SAP-EQUIPE-N2_DMS
con-vjacques;BR_SG_S_NOW_SAP-EQUIPE-N2_SD
con-vjacques;BR_SG_S_NOW_SAP-EQUIPE-N2_OGSD
con-vjacques;BR_SG_S_NOW_SAP-EQUIPE-N2_GRC_NFE
con-vjacques;BR_SG_S_NOW_SAP-EQUIPE-N2_MM
con-vjacques;BR_SG_S_NOW_SAP-EQUIPE-N2_FICO
con-scpinhei;BR_SG_S_NOW_ATENDIMENTO_SAP
con-scpinhei;BR_SG_S_NOW_SAP-EQUIPE-N2_BW
con-scpinhei;BR_SG_S_NOW_SAP-EQUIPE-N2_IM
con-scpinhei;BR_SG_S_NOW_SAP-EQUIPE-N2_PP
con-scpinhei;BR_SG_S_NOW_SAP-EQUIPE-N2_PS
con-scpinhei;BR_SG_S_NOW_SAP-EQUIPE-N2_QM
con-scpinhei;BR_SG_S_NOW_SAP-EQUIPE-N2_VIM
con-scpinhei;BR_SG_S_NOW_SAP-EQUIPE-N2_CCS
con-scpinhei;BR_SG_S_NOW_SAP-EQUIPE-N2_DMS
con-scpinhei;BR_SG_S_NOW_SAP-EQUIPE-N2_SD
con-scpinhei;BR_SG_S_NOW_SAP-EQUIPE-N2_OGSD
con-scpinhei;BR_SG_S_NOW_SAP-EQUIPE-N2_GRC_NFE
con-scpinhei;BR_SG_S_NOW_SAP-EQUIPE-N2_MM
con-scpinhei;BR_SG_S_NOW_SAP-EQUIPE-N2_FICO
con-debora.s;BR_SG_S_NOW_ATENDIMENTO_SAP
con-debora.s;BR_SG_S_NOW_SAP-EQUIPE-N2_BW
con-debora.s;BR_SG_S_NOW_SAP-EQUIPE-N2_IM
con-debora.s;BR_SG_S_NOW_SAP-EQUIPE-N2_PP
con-debora.s;BR_SG_S_NOW_SAP-EQUIPE-N2_PS
con-debora.s;BR_SG_S_NOW_SAP-EQUIPE-N2_QM
con-debora.s;BR_SG_S_NOW_SAP-EQUIPE-N2_VIM
con-debora.s;BR_SG_S_NOW_SAP-EQUIPE-N2_CCS
con-debora.s;BR_SG_S_NOW_SAP-EQUIPE-N2_DMS
con-debora.s;BR_SG_S_NOW_SAP-EQUIPE-N2_SD
con-debora.s;BR_SG_S_NOW_SAP-EQUIPE-N2_OGSD
con-debora.s;BR_SG_S_NOW_SAP-EQUIPE-N2_GRC_NFE
con-debora.s;BR_SG_S_NOW_SAP-EQUIPE-N2_MM
con-debora.s;BR_SG_S_NOW_SAP-EQUIPE-N2_FICO
